Nom;prix;imageUrl
Bells 11 - Table bell Cow;3.00;/images/products/bells/Bells11.jpg
Bells 68 - Table bell Zermatt;3.00;/images/products/bells/Bells68.jpg
Bells 75 - Table bell Genève;3.00;/images/products/bells/Bells75.jpg
Bells 76 - Table bell Vaud;3.00;/images/products/bells/Bells76.jpg
Bells 77 - Table bell Gruyères;3.00;/images/products/bells/Bells77.jpg
Bells 106 - Table bell Switzerland;3.00;/images/products/bells/Bells106.jpg
Bells 107 - Table bell Genève;3.00;/images/products/bells/Bells107.jpg
Bells 108 - Table bell Bern;3.00;/images/products/bells/Bells108.jpg
Bells 109 - Table bell Valais;3.00;/images/products/bells/Bells109.jpg
Bells 110 - Table bell Matterhorn;3.00;/images/products/bells/Bells110.jpg
Bells 295 - SWISS Bell keychain Gold;2.00;/images/products/bells/Bells295.jpg
