Nom;prix;imageUrl
Patches 63 - Switzerland shield;1.50;/images/products/patches/Patches63.jpg
Patches 64 - Lausanne coat of arm bronze;1.50;/images/products/patches/Patches64.jpg
Patches 65 - Lausanne cathedral edelweiss;1.50;/images/products/patches/Patches65.jpg
Patches 66 - vaud coat of arm;1.50;/images/products/patches/Patches66.jpg
Patches 67 - edelweiss swiss flag;1.50;/images/products/patches/Patches67.jpg
Patches 68 - Lausanne coat of arm lions;1.50;/images/products/patches/Patches68.jpg
Patches 70 - lausanne catehdral round;1.50;/images/products/patches/Patches70.jpg
Patches 71 - swiss shaped patch white cross;1.50;/images/products/patches/Patches71.jpg
Patches 73 - Gruyères coat of arm;1.50;/images/products/patches/Patches73.jpg
Patches 74 - swiss coat of arm;1.50;/images/products/patches/Patches74.jpg
Patches 75 - Bern coat of arm;1.50;/images/products/patches/Patches75.jpg
Patches 76 - Genève coat of arm;1.50;/images/products/patches/Patches76.jpg
Patches 77 - Valais coat of arm;1.50;/images/products/patches/Patches77.jpg
Patches 78 - Swiss and States coat of arm;1.50;/images/products/patches/Patches78.jpg
Patches 91 - Swiss ski school;1.00;/images/products/patches/Patches91.jpg
Patches 92 - Swiss coat of arm;1.50;/images/products/patches/Patches92.jpg
Patches 93 - Swiss army shaped;1.50;/images/products/patches/Patches93.jpg
Patches 137 - Swiss rectangular flag;2.00;/images/products/patches/Patches137.jpg
Patches 138 - Zermatt Matterhorn crown;2.00;/images/products/patches/Patches138.jpg
Patches 139 - Swiss square flag;2.00;/images/products/patches/Patches139.jpg
